name,genre
Brad Mehldau,jazz
Shai Maestro,jazz
Walter Smith III,jazz
Aaron Parks,jazz
Queen,rock
Khatia Buniatishvili,classical
Drake,hip hop
Kendrick Scott Oracle,jazz
Kurt Rosenwinkel,jazz
Daniel Caesar,pop
Ambrose Akinmusire,jazz
Billie Eilish,pop
Ben Wendel,jazz
Brad Mehldau Trio,jazz
Chet Baker,jazz
Kanye West,hip hop
Amine,hip hop
Berliner Philharmoniker,classical
Jacob Mann,jazz
Omar Apollo,pop
Tibetan Institute Of Performing Arts,tibetan
Tigran Hamasyan,jazz
Lana Del Rey,pop
Joshua Redman,jazz
Beyonce,pop
Immanuel Wilkins,jazz
Lady Gaga,pop
Gerald Clayton,jazz
Mark Turner,jazz
Nir Felder,jazz
Snoh Aalegra,pop
Florence + The Machine,pop
Arthur Rubinstein,classical
Miguel,hip hop
Still Woozy,hip hop
Dayna Stephens,jazz
Cigarettes After Sex,jazz
Seamus Blake,jazz
Daft Punk,electro
Lizzo,pop
Doja Cat,pop
Ari Hoenig,jazz
Kali Uchis,pop
Wallows,pop
Tame Impala,pop
The Beatles,rock
Matt Brewer,jazz
Tinashe,pop
John Legend,pop
Keith Jarrett Trio,jazz
